-- =====================================================================
-- [데모/검증용] 워크스페이스별 더미 데이터 시드
-- 목적: 각 워크스페이스(HUB/NETWORKS/AC/FUND/M&A/ADMIN/PROJECT/MANAGEMENT)의
--       화면이 실제 데이터로 렌더링되는지 검증하기 위한 샘플 데이터.
-- 특징:
--   - 고정 UUID + `on conflict do nothing`으로 멱등(재적용 안전).
--   - 마이그레이션은 owner 권한으로 실행되어 RLS를 우회하므로 그대로 적재된다.
--   - 조회는 super_admin(dev@ynarcher.com) 로그인 시 is_admin()으로 전 영역 통과.
-- 주의: 순수 데모 데이터입니다. 운영 데이터로 오인하지 마십시오(정리 시 이 마이그레이션 참조).
-- =====================================================================

-- ---------------------------------------------------------------------
-- [공통] 부서(조직도) — MANAGEMENT 조직도 트리
-- ---------------------------------------------------------------------
insert into public.departments (id, name, parent_id) values
  ('d0000000-0000-0000-0000-000000000001','경영지원본부', null),
  ('d0000000-0000-0000-0000-000000000002','투자본부',      null),
  ('d0000000-0000-0000-0000-000000000003','AC사업본부',    null),
  ('d0000000-0000-0000-0000-000000000004','M&A본부',       null),
  ('d0000000-0000-0000-0000-000000000005','프로젝트실',    null),
  ('d0000000-0000-0000-0000-000000000006','경영지원팀',    'd0000000-0000-0000-0000-000000000001')
on conflict do nothing;

-- ---------------------------------------------------------------------
-- [공통] 임직원(내부 사용자) — HUB 디렉토리 / 담당자 참조
-- (auth_user_id는 null: 로그인 연동이 아닌 조직 마스터 레코드)
-- ---------------------------------------------------------------------
insert into public.users (id, user_type, email, name, department_id) values
  ('e0000000-0000-0000-0000-000000000001','executive',          'ceo@ynarcher.com',     '김대표', 'd0000000-0000-0000-0000-000000000001'),
  ('e0000000-0000-0000-0000-000000000002','management_support', 'support@ynarcher.com', '이관리', 'd0000000-0000-0000-0000-000000000006'),
  ('e0000000-0000-0000-0000-000000000003','fund_manager',       'fund1@ynarcher.com',   '박투자', 'd0000000-0000-0000-0000-000000000002'),
  ('e0000000-0000-0000-0000-000000000004','ac_business',        'ac1@ynarcher.com',     '최에이씨','d0000000-0000-0000-0000-000000000003'),
  ('e0000000-0000-0000-0000-000000000005','mna_manager',        'mna1@ynarcher.com',    '정엠엔에이','d0000000-0000-0000-0000-000000000004'),
  ('e0000000-0000-0000-0000-000000000006','project_manager',    'pm1@ynarcher.com',     '강피엠', 'd0000000-0000-0000-0000-000000000005'),
  ('e0000000-0000-0000-0000-000000000007','management_support', 'hr1@ynarcher.com',     '조지원', 'd0000000-0000-0000-0000-000000000006'),
  ('e0000000-0000-0000-0000-000000000008','fund_manager',       'fund2@ynarcher.com',   '윤심사', 'd0000000-0000-0000-0000-000000000002')
on conflict do nothing;

-- HR 프로필(인사 카드)
insert into public.hr_profiles (id, user_id, grade, hire_date, annual_leave_total, annual_leave_used) values
  ('a3000000-0000-0000-0000-000000000001','e0000000-0000-0000-0000-000000000001','대표이사','2019-03-01',20,4.5),
  ('a3000000-0000-0000-0000-000000000002','e0000000-0000-0000-0000-000000000002','과장',    '2021-06-01',15,7.0),
  ('a3000000-0000-0000-0000-000000000003','e0000000-0000-0000-0000-000000000003','팀장',    '2020-01-13',17,3.0),
  ('a3000000-0000-0000-0000-000000000004','e0000000-0000-0000-0000-000000000004','대리',    '2022-09-05',15,10.5),
  ('a3000000-0000-0000-0000-000000000006','e0000000-0000-0000-0000-000000000006','팀장',    '2020-11-02',17,6.0)
on conflict do nothing;

-- ---------------------------------------------------------------------
-- [NETWORKS] 스타트업 마스터
-- ---------------------------------------------------------------------
insert into public.startups (id, name, biz_reg_no, representative, industry, stage, address, contact, is_provisional, created_by) values
  ('a0000000-0000-0000-0000-000000000001','토스랩',       '111-81-00001','김토스','핀테크',      'Series B','{"city":"서울","road":"강남대로 123"}','{"email":"contact@tosslab.io","phone":"02-1234-0001"}',false,'e0000000-0000-0000-0000-000000000004'),
  ('a0000000-0000-0000-0000-000000000002','메디컬에이아이','111-81-00002','이메디','헬스케어',    'Series A','{"city":"성남","road":"판교로 45"}','{"email":"hi@medai.co.kr","phone":"031-1234-0002"}',false,'e0000000-0000-0000-0000-000000000004'),
  ('a0000000-0000-0000-0000-000000000003','그린모빌리티', '111-81-00003','박그린','모빌리티',    'Seed',    '{"city":"서울","road":"테헤란로 7"}','{"email":"team@greenm.io","phone":"02-1234-0003"}',false,'e0000000-0000-0000-0000-000000000004'),
  ('a0000000-0000-0000-0000-000000000004','에듀테크랩',   '111-81-00004','최에듀','에듀테크',    'Series A','{"city":"서울","road":"마포대로 9"}','{"email":"hello@edulab.kr"}',false,'e0000000-0000-0000-0000-000000000004'),
  ('a0000000-0000-0000-0000-000000000005','팜커넥트',     '111-81-00005','정팜','애그테크',      'Seed',    '{"city":"전주","road":"백제대로 88"}','{"email":"farm@farmconnect.kr"}',false,'e0000000-0000-0000-0000-000000000004'),
  ('a0000000-0000-0000-0000-000000000006','로보틱스원',   '111-81-00006','한로보','로보틱스',    'Series B','{"city":"대전","road":"대덕대로 12"}','{"email":"info@robotics1.com"}',false,'e0000000-0000-0000-0000-000000000004'),
  ('a0000000-0000-0000-0000-000000000007','클린에너지',   '111-81-00007','오에너','클린테크',    'Series C','{"city":"울산","road":"산업로 33"}','{"email":"contact@cleanenergy.kr"}',false,'e0000000-0000-0000-0000-000000000004'),
  ('a0000000-0000-0000-0000-000000000008','뷰티셀',       '111-81-00008','서뷰티','뷰티/커머스', 'Series A','{"city":"서울","road":"압구정로 21"}','{"email":"cs@beautycell.co.kr"}',false,'e0000000-0000-0000-0000-000000000004'),
  ('a0000000-0000-0000-0000-000000000009','데이터브릭스코리아','111-81-00009','남데이','데이터/AI','Series B','{"city":"서울","road":"역삼로 55"}','{"email":"kr@databricks.example"}',false,'e0000000-0000-0000-0000-000000000004'),
  ('a0000000-0000-0000-0000-000000000010','임시등록_토스랩','111-81-00001','김토스','핀테크',   'Series B','{}','{}',true,'e0000000-0000-0000-0000-000000000004')
on conflict do nothing;

-- 병합 예시(임시 마스터 → 정본): 임시등록_토스랩 → 토스랩
update public.startups
   set merged_into_id = 'a0000000-0000-0000-0000-000000000001'
 where id = 'a0000000-0000-0000-0000-000000000010'
   and merged_into_id is null;

-- ---------------------------------------------------------------------
-- [NETWORKS] 전문가 마스터
-- ---------------------------------------------------------------------
insert into public.experts (id, name, email, phone, affiliation, expertise, profile, created_by) values
  ('b0000000-0000-0000-0000-000000000001','오멘토','mentor.oh@example.com','010-2000-0001','와이앤아처 파트너',  '["재무","IR","엑싯전략"]','{"career":"20년 VC 심사역"}','e0000000-0000-0000-0000-000000000004'),
  ('b0000000-0000-0000-0000-000000000002','신자문','advisor.shin@example.com','010-2000-0002','스타트업얼라이언스','["마케팅","그로스","브랜딩"]','{"career":"전 대기업 CMO"}','e0000000-0000-0000-0000-000000000004'),
  ('b0000000-0000-0000-0000-000000000003','한기술','tech.han@example.com','010-2000-0003','KAIST 교수',        '["AI","데이터","R&D"]','{"career":"컴퓨터공학 박사"}','e0000000-0000-0000-0000-000000000004'),
  ('b0000000-0000-0000-0000-000000000004','임법률','legal.lim@example.com','010-2000-0004','법무법인 정도',      '["법무","계약","지식재산"]','{"career":"기업법무 15년"}','e0000000-0000-0000-0000-000000000004'),
  ('b0000000-0000-0000-0000-000000000005','조인사','hr.cho@example.com','010-2000-0005','피플앤컬처 대표',     '["조직문화","채용","HR"]','{"career":"HR 컨설턴트"}','e0000000-0000-0000-0000-000000000004'),
  ('b0000000-0000-0000-0000-000000000006','권글로벌','global.kwon@example.com','010-2000-0006','글로벌벤처스',    '["해외진출","글로벌세일즈"]','{"career":"실리콘밸리 창업"}','e0000000-0000-0000-0000-000000000004')
on conflict do nothing;

-- ---------------------------------------------------------------------
-- [NETWORKS] 협력사 마스터
-- ---------------------------------------------------------------------
insert into public.partners (id, name, partner_type, contact, memo, created_by) values
  ('c0000000-0000-0000-0000-000000000001','한국벤처투자','LP/모태펀드','{"manager":"김LP","phone":"02-3000-0001"}','모태펀드 출자 협력',   'e0000000-0000-0000-0000-000000000003'),
  ('c0000000-0000-0000-0000-000000000002','서울창조경제혁신센터','액셀러레이터','{"manager":"박센터"}','공동 보육 프로그램',      'e0000000-0000-0000-0000-000000000004'),
  ('c0000000-0000-0000-0000-000000000003','법무법인 정도','법률자문','{"manager":"임법률"}','계약/실사 자문',              'e0000000-0000-0000-0000-000000000005'),
  ('c0000000-0000-0000-0000-000000000004','삼일회계법인','회계/세무','{"manager":"최회계"}','밸류에이션/실사',            'e0000000-0000-0000-0000-000000000005'),
  ('c0000000-0000-0000-0000-000000000005','네이버클라우드','기술/인프라','{"manager":"정클라우드"}','포트폴리오 크레딧 지원','e0000000-0000-0000-0000-000000000006')
on conflict do nothing;

-- ---------------------------------------------------------------------
-- [HUB] 전사 통합 캘린더(system_events) — 4개 레이어
-- ---------------------------------------------------------------------
insert into public.system_events (id, event_type, workspace_key, title, body, starts_at, ends_at) values
  ('5e000000-0000-0000-0000-000000000001','AC',     'ac',      '2026 시드 액셀러레이팅 데모데이','최종 IR 피칭', '2026-07-18 13:00+09','2026-07-18 18:00+09'),
  ('5e000000-0000-0000-0000-000000000002','AC',     'ac',      '멘토링 3회차 세션',              null,          '2026-07-10 10:00+09','2026-07-10 12:00+09'),
  ('5e000000-0000-0000-0000-000000000003','FUND',   'fund',    '2호 펀드 캐피탈 콜 마감',         '미납 LP 알림', '2026-07-15 00:00+09','2026-07-15 23:59+09'),
  ('5e000000-0000-0000-0000-000000000004','PROJECT','project', '글로벌 진출 프로젝트 킥오프',      null,          '2026-07-08 14:00+09','2026-07-08 15:30+09'),
  ('5e000000-0000-0000-0000-000000000005','COMPANY','hub',     '전사 월례회의',                  null,          '2026-07-06 09:00+09','2026-07-06 10:00+09'),
  ('5e000000-0000-0000-0000-000000000006','COMPANY','hub',     '하반기 워크숍',                  '1박2일',      '2026-07-24 09:00+09','2026-07-25 18:00+09')
on conflict do nothing;

-- ---------------------------------------------------------------------
-- [AC] 프로그램 → 모듈 → 참가자 → 멘토링 체인
-- (HUB 전문가 랭킹 / NETWORKS 성장 레이더의 원천도 함께 구성)
-- ---------------------------------------------------------------------
insert into public.programs (id, title, internal_title, slug, status, start_date, end_date, host_organization, created_by) values
  ('f0000000-0000-0000-0000-000000000001','2026 시드 액셀러레이팅','시드 3기','ac-seed-2026','OPERATING','2026-04-01','2026-08-31','와이앤아처','e0000000-0000-0000-0000-000000000004'),
  ('f0000000-0000-0000-0000-000000000002','2026 스케일업 챌린지','스케일업 1기','ac-scaleup-2026','RECRUITING','2026-08-01','2026-12-31','와이앤아처','e0000000-0000-0000-0000-000000000004'),
  ('f0000000-0000-0000-0000-000000000003','2025 글로벌 부트캠프','글로벌 2기','ac-global-2025','DEMO_DAY','2025-09-01','2026-02-28','와이앤아처','e0000000-0000-0000-0000-000000000004')
on conflict do nothing;

insert into public.program_modules (id, program_id, module_type, enabled, status, participation_mode, manager_id) values
  ('f1000000-0000-0000-0000-000000000001','f0000000-0000-0000-0000-000000000001','RECRUITMENT','true','CLOSED','OPEN_APPLICATION','e0000000-0000-0000-0000-000000000004'),
  ('f1000000-0000-0000-0000-000000000002','f0000000-0000-0000-0000-000000000001','MENTORING',  'true','OPEN',  'MANUAL_ALLOCATION','e0000000-0000-0000-0000-000000000004'),
  ('f1000000-0000-0000-0000-000000000003','f0000000-0000-0000-0000-000000000001','DEMO_DAY',   'true','OPEN',  'ADMIN_ONLY','e0000000-0000-0000-0000-000000000004'),
  ('f1000000-0000-0000-0000-000000000004','f0000000-0000-0000-0000-000000000002','RECRUITMENT','true','OPEN',  'OPEN_APPLICATION','e0000000-0000-0000-0000-000000000004')
on conflict do nothing;

-- 참가자: 스타트업 / 멘토(전문가) / 심사위원
insert into public.program_participants (id, program_id, user_id, master_id, role, status, joined_at) values
  ('f2000000-0000-0000-0000-000000000001','f0000000-0000-0000-0000-000000000001', null,'a0000000-0000-0000-0000-000000000001','STARTUP','ACTIVE','2026-04-02 09:00+09'),
  ('f2000000-0000-0000-0000-000000000002','f0000000-0000-0000-0000-000000000001', null,'a0000000-0000-0000-0000-000000000002','STARTUP','ACTIVE','2026-04-02 09:00+09'),
  ('f2000000-0000-0000-0000-000000000003','f0000000-0000-0000-0000-000000000001', null,'a0000000-0000-0000-0000-000000000003','STARTUP','ACTIVE','2026-04-02 09:00+09'),
  ('f2000000-0000-0000-0000-000000000004','f0000000-0000-0000-0000-000000000001', null,'b0000000-0000-0000-0000-000000000001','MENTOR', 'ACTIVE','2026-04-05 09:00+09'),
  ('f2000000-0000-0000-0000-000000000005','f0000000-0000-0000-0000-000000000001', null,'b0000000-0000-0000-0000-000000000002','MENTOR', 'ACTIVE','2026-04-05 09:00+09'),
  ('f2000000-0000-0000-0000-000000000006','f0000000-0000-0000-0000-000000000001', null,'b0000000-0000-0000-0000-000000000003','JUDGE',  'ACTIVE','2026-04-05 09:00+09')
on conflict do nothing;

-- 멘토링 관계 → 회차 → 만족도/성장지표
insert into public.mentoring_relationships (id, program_module_id, startup_id, mentor_participant_id, specialty_tags, status) values
  ('f3000000-0000-0000-0000-000000000001','f1000000-0000-0000-0000-000000000002','a0000000-0000-0000-0000-000000000001','f2000000-0000-0000-0000-000000000004','{재무,IR}','ACTIVE'),
  ('f3000000-0000-0000-0000-000000000002','f1000000-0000-0000-0000-000000000002','a0000000-0000-0000-0000-000000000002','f2000000-0000-0000-0000-000000000005','{마케팅,그로스}','ACTIVE')
on conflict do nothing;

insert into public.mentoring_sessions (id, relationship_id, round_no, scheduled_at, session_type, status) values
  ('f4000000-0000-0000-0000-000000000001','f3000000-0000-0000-0000-000000000001',1,'2026-05-10 10:00+09','대면','LOG_SUBMITTED'),
  ('f4000000-0000-0000-0000-000000000002','f3000000-0000-0000-0000-000000000001',2,'2026-06-10 10:00+09','대면','LOG_SUBMITTED'),
  ('f4000000-0000-0000-0000-000000000003','f3000000-0000-0000-0000-000000000002',1,'2026-05-12 14:00+09','화상','LOG_SUBMITTED')
on conflict do nothing;

-- 스타트업 → 멘토 만족도(HUB 자문단 랭킹 원천)
insert into public.mentor_satisfaction_records (id, mentoring_session_id, startup_id, mentor_participant_id, score, feedback_text) values
  ('f5000000-0000-0000-0000-000000000001','f4000000-0000-0000-0000-000000000001','a0000000-0000-0000-0000-000000000001','f2000000-0000-0000-0000-000000000004',5,'재무모델 구체화에 큰 도움'),
  ('f5000000-0000-0000-0000-000000000002','f4000000-0000-0000-0000-000000000002','a0000000-0000-0000-0000-000000000001','f2000000-0000-0000-0000-000000000004',4,'IR덱 피드백 유익'),
  ('f5000000-0000-0000-0000-000000000003','f4000000-0000-0000-0000-000000000003','a0000000-0000-0000-0000-000000000002','f2000000-0000-0000-0000-000000000005',5,'그로스 전략 명확해짐')
on conflict do nothing;

-- 멘토 → 스타트업 5대 지표(NETWORKS 성장 레이더 원천)
insert into public.mentor_feedback_records
  (id, mentoring_session_id, startup_id, score_technology, score_business_model, score_credibility, score_collaboration, score_matching_feasibility, advisory_comment) values
  ('f6000000-0000-0000-0000-000000000001','f4000000-0000-0000-0000-000000000001','a0000000-0000-0000-0000-000000000001',4,5,4,3,5,'BM 우수, 협업 보완 필요'),
  ('f6000000-0000-0000-0000-000000000002','f4000000-0000-0000-0000-000000000002','a0000000-0000-0000-0000-000000000001',5,5,4,4,5,'전반적 성장'),
  ('f6000000-0000-0000-0000-000000000003','f4000000-0000-0000-0000-000000000003','a0000000-0000-0000-0000-000000000002',3,4,4,5,4,'기술 검증 진행 중')
on conflict do nothing;

-- ---------------------------------------------------------------------
-- [FUND] 펀드 → LP → 캐피탈 콜 → 투자
-- ---------------------------------------------------------------------
insert into public.funds (id, name, vintage_year, total_commitment, drawn_amount, status, manager_id) values
  ('fa000000-0000-0000-0000-000000000001','와이앤아처 1호 벤처투자조합',2022,30000000000,21000000000,'OPERATING','e0000000-0000-0000-0000-000000000003'),
  ('fa000000-0000-0000-0000-000000000002','와이앤아처 2호 스케일업펀드',2024,50000000000,18000000000,'OPERATING','e0000000-0000-0000-0000-000000000003'),
  ('fa000000-0000-0000-0000-000000000003','와이앤아처 3호 초기창업펀드',2026,20000000000,2000000000,'RAISING','e0000000-0000-0000-0000-000000000008')
on conflict do nothing;

insert into public.fund_lps (id, fund_id, name, commitment_amount, ownership_pct) values
  ('fb000000-0000-0000-0000-000000000001','fa000000-0000-0000-0000-000000000001','한국벤처투자(모태)',15000000000,50.00),
  ('fb000000-0000-0000-0000-000000000002','fa000000-0000-0000-0000-000000000001','산업은행',9000000000,30.00),
  ('fb000000-0000-0000-0000-000000000003','fa000000-0000-0000-0000-000000000001','와이앤아처(GP)',6000000000,20.00),
  ('fb000000-0000-0000-0000-000000000004','fa000000-0000-0000-0000-000000000002','국민연금',25000000000,50.00),
  ('fb000000-0000-0000-0000-000000000005','fa000000-0000-0000-0000-000000000002','한국벤처투자(모태)',15000000000,30.00),
  ('fb000000-0000-0000-0000-000000000006','fa000000-0000-0000-0000-000000000002','와이앤아처(GP)',10000000000,20.00),
  ('fb000000-0000-0000-0000-000000000007','fa000000-0000-0000-0000-000000000003','민간 앵커LP',12000000000,60.00),
  ('fb000000-0000-0000-0000-000000000008','fa000000-0000-0000-0000-000000000003','와이앤아처(GP)',8000000000,40.00)
on conflict do nothing;

insert into public.capital_calls (id, fund_id, call_no, amount, due_date, status) values
  ('fc000000-0000-0000-0000-000000000001','fa000000-0000-0000-0000-000000000001',1,9000000000,'2022-06-30','PAID'),
  ('fc000000-0000-0000-0000-000000000002','fa000000-0000-0000-0000-000000000001',2,6000000000,'2023-06-30','PAID'),
  ('fc000000-0000-0000-0000-000000000003','fa000000-0000-0000-0000-000000000001',3,6000000000,'2024-06-30','PARTIALLY_PAID'),
  ('fc000000-0000-0000-0000-000000000004','fa000000-0000-0000-0000-000000000002',1,12000000000,'2024-09-30','PAID'),
  ('fc000000-0000-0000-0000-000000000005','fa000000-0000-0000-0000-000000000002',2,6000000000,'2026-07-15','OVERDUE'),
  ('fc000000-0000-0000-0000-000000000006','fa000000-0000-0000-0000-000000000003',1,4000000000,'2026-09-30','SCHEDULED')
on conflict do nothing;

insert into public.investments (id, fund_id, startup_id, amount, invested_at, stage, is_own_investment) values
  ('fd000000-0000-0000-0000-000000000001','fa000000-0000-0000-0000-000000000001','a0000000-0000-0000-0000-000000000001',2000000000,'2022-09-01','Series A',true),
  ('fd000000-0000-0000-0000-000000000002','fa000000-0000-0000-0000-000000000001','a0000000-0000-0000-0000-000000000006',1500000000,'2023-03-15','Series B',true),
  ('fd000000-0000-0000-0000-000000000003','fa000000-0000-0000-0000-000000000001','a0000000-0000-0000-0000-000000000007',3000000000,'2023-11-20','Series C',false),
  ('fd000000-0000-0000-0000-000000000004','fa000000-0000-0000-0000-000000000002','a0000000-0000-0000-0000-000000000002',1000000000,'2024-12-01','Series A',true),
  ('fd000000-0000-0000-0000-000000000005','fa000000-0000-0000-0000-000000000002','a0000000-0000-0000-0000-000000000009',2500000000,'2025-05-10','Series B',true)
on conflict do nothing;

insert into public.portfolio_financials (id, investment_id, period, revenue, valuation, note) values
  ('fe000000-0000-0000-0000-000000000001','fd000000-0000-0000-0000-000000000001','2024-12-31',3200000000,25000000000,'ARR 32억'),
  ('fe000000-0000-0000-0000-000000000002','fd000000-0000-0000-0000-000000000001','2025-12-31',5800000000,40000000000,'전년比 81%↑'),
  ('fe000000-0000-0000-0000-000000000003','fd000000-0000-0000-0000-000000000002','2025-12-31',8000000000,60000000000,'흑자 전환')
on conflict do nothing;

-- ---------------------------------------------------------------------
-- [M&A] 딜 → 단계로그 → 보안문서 → 매칭후보
-- ---------------------------------------------------------------------
insert into public.ma_deals (id, deal_name, target_company_id, target_name, stage, lead_manager_id, estimated_value, on_hold, note, created_by) values
  ('da000000-0000-0000-0000-000000000001','뷰티셀 경영권 인수', 'a0000000-0000-0000-0000-000000000008','뷰티셀','DD','e0000000-0000-0000-0000-000000000005',12000000000,false,'정밀 실사 진행','e0000000-0000-0000-0000-000000000005'),
  ('da000000-0000-0000-0000-000000000002','팜커넥트 지분투자', 'a0000000-0000-0000-0000-000000000005','팜커넥트','NEGOTIATION','e0000000-0000-0000-0000-000000000005',5000000000,false,'밸류 협상 중','e0000000-0000-0000-0000-000000000005'),
  ('da000000-0000-0000-0000-000000000003','에듀테크랩 볼트온', 'a0000000-0000-0000-0000-000000000004','에듀테크랩','PRE_DD','e0000000-0000-0000-0000-000000000005',3000000000,false,null,'e0000000-0000-0000-0000-000000000005'),
  ('da000000-0000-0000-0000-000000000004','제조사 A 사업부 인수', null,'(비공개) 제조사 A','SOURCING','e0000000-0000-0000-0000-000000000005',8000000000,false,'소싱 단계','e0000000-0000-0000-0000-000000000005'),
  ('da000000-0000-0000-0000-000000000005','로보틱스원 합병',   'a0000000-0000-0000-0000-000000000006','로보틱스원','CLOSING','e0000000-0000-0000-0000-000000000005',20000000000,true,'계약 조건 보류','e0000000-0000-0000-0000-000000000005'),
  ('da000000-0000-0000-0000-000000000006','클린에너지 이차인수','a0000000-0000-0000-0000-000000000007','클린에너지','COMPLETED','e0000000-0000-0000-0000-000000000005',15000000000,false,'딜 클로징 완료','e0000000-0000-0000-0000-000000000005')
on conflict do nothing;

insert into public.ma_deal_stage_logs (id, deal_id, from_stage, to_stage, changed_by, note) values
  ('db000000-0000-0000-0000-000000000001','da000000-0000-0000-0000-000000000001','SOURCING','PRE_DD','e0000000-0000-0000-0000-000000000005','예비 실사 착수'),
  ('db000000-0000-0000-0000-000000000002','da000000-0000-0000-0000-000000000001','PRE_DD','DD','e0000000-0000-0000-0000-000000000005','정밀 실사 진입'),
  ('db000000-0000-0000-0000-000000000003','da000000-0000-0000-0000-000000000006','CLOSING','COMPLETED','e0000000-0000-0000-0000-000000000005','계약 체결')
on conflict do nothing;

insert into public.ma_deal_documents (id, deal_id, doc_type, title, is_reviewed, reviewed_by, reviewed_at) values
  ('dc000000-0000-0000-0000-000000000001','da000000-0000-0000-0000-000000000001','NDA','비밀유지계약서_뷰티셀',true,'e0000000-0000-0000-0000-000000000005','2026-05-20 10:00+09'),
  ('dc000000-0000-0000-0000-000000000002','da000000-0000-0000-0000-000000000001','DD_REPORT','재무실사 보고서',false,null,null),
  ('dc000000-0000-0000-0000-000000000003','da000000-0000-0000-0000-000000000002','MOU','투자 양해각서',true,'e0000000-0000-0000-0000-000000000005','2026-06-01 15:00+09')
on conflict do nothing;

insert into public.ma_match_candidates (id, buyer_company_id, buyer_name, seller_company_id, seller_name, target_industry, max_amount, keywords, fit_score, created_by) values
  ('dd000000-0000-0000-0000-000000000001','a0000000-0000-0000-0000-000000000009','데이터브릭스코리아','a0000000-0000-0000-0000-000000000002','메디컬에이아이','헬스케어 AI',6000000000,'의료데이터,AI모델',87.50,'e0000000-0000-0000-0000-000000000005'),
  ('dd000000-0000-0000-0000-000000000002','a0000000-0000-0000-0000-000000000007','클린에너지',null,'(매물) 태양광 EPC사','클린테크',10000000000,'태양광,EPC',72.00,'e0000000-0000-0000-0000-000000000005')
on conflict do nothing;

-- ---------------------------------------------------------------------
-- [PROJECT] 프로젝트 → 멤버 → 태스크 → 마일스톤
-- ---------------------------------------------------------------------
insert into public.projects (id, name, project_type, priority, department_id, pm_id, start_date, end_date, progress_pct, note, created_by) values
  ('90000000-0000-0000-0000-000000000001','글로벌 진출 지원 프로젝트','GLOBAL','HIGH','d0000000-0000-0000-0000-000000000005','e0000000-0000-0000-0000-000000000006','2026-07-01','2026-12-31',35,'포트폴리오 3사 미국 진출','e0000000-0000-0000-0000-000000000006'),
  ('90000000-0000-0000-0000-000000000002','신규 펀드 결성 TF','NEW_BIZ','HIGH','d0000000-0000-0000-0000-000000000002','e0000000-0000-0000-0000-000000000003','2026-05-01','2026-09-30',60,'3호 펀드 결성','e0000000-0000-0000-0000-000000000006'),
  ('90000000-0000-0000-0000-000000000003','내부 업무시스템 고도화','GENERAL','MEDIUM','d0000000-0000-0000-0000-000000000001','e0000000-0000-0000-0000-000000000002','2026-03-01','2026-08-31',80,'Works 플랫폼 구축','e0000000-0000-0000-0000-000000000006')
on conflict do nothing;

insert into public.project_members (id, project_id, user_id, role) values
  ('93000000-0000-0000-0000-000000000001','90000000-0000-0000-0000-000000000001','e0000000-0000-0000-0000-000000000006','PM'),
  ('93000000-0000-0000-0000-000000000002','90000000-0000-0000-0000-000000000001','e0000000-0000-0000-0000-000000000004','멤버'),
  ('93000000-0000-0000-0000-000000000003','90000000-0000-0000-0000-000000000002','e0000000-0000-0000-0000-000000000003','PM'),
  ('93000000-0000-0000-0000-000000000004','90000000-0000-0000-0000-000000000003','e0000000-0000-0000-0000-000000000002','PM')
on conflict do nothing;

insert into public.project_tasks (id, project_id, title, description, status, assignee_id, due_date, sort_order) values
  ('91000000-0000-0000-0000-000000000001','90000000-0000-0000-0000-000000000001','현지 법인 설립 리서치','델라웨어 vs 캘리포니아','DONE','e0000000-0000-0000-0000-000000000006','2026-07-15 09:00+00',1),
  ('91000000-0000-0000-0000-000000000002','90000000-0000-0000-0000-000000000001','현지 액셀러레이터 컨택','YC/Techstars','IN_PROGRESS','e0000000-0000-0000-0000-000000000004','2026-08-01 09:00+00',2),
  ('91000000-0000-0000-0000-000000000003','90000000-0000-0000-0000-000000000001','비자/이민 절차 검토',null,'TODO','e0000000-0000-0000-0000-000000000006','2026-08-20 09:00+00',3),
  ('91000000-0000-0000-0000-000000000004','90000000-0000-0000-0000-000000000002','LP 미팅 자료 준비','IR덱 v3','REVIEW','e0000000-0000-0000-0000-000000000003','2026-07-09 09:00+00',1),
  ('91000000-0000-0000-0000-000000000005','90000000-0000-0000-0000-000000000002','결성총회 일정 확정',null,'TODO','e0000000-0000-0000-0000-000000000003','2026-08-10 09:00+00',2),
  ('91000000-0000-0000-0000-000000000006','90000000-0000-0000-0000-000000000003','권한/RLS 검증','pgTAP 회귀','DONE','e0000000-0000-0000-0000-000000000002','2026-06-30 09:00+00',1)
on conflict do nothing;

insert into public.project_milestones (id, project_id, name, start_date, end_date, sort_order) values
  ('92000000-0000-0000-0000-000000000001','90000000-0000-0000-0000-000000000001','1단계: 사전 리서치','2026-07-01','2026-07-31',1),
  ('92000000-0000-0000-0000-000000000002','90000000-0000-0000-0000-000000000001','2단계: 현지 파트너십','2026-08-01','2026-09-30',2),
  ('92000000-0000-0000-0000-000000000003','90000000-0000-0000-0000-000000000001','3단계: 법인 설립','2026-10-01','2026-12-31',3),
  ('92000000-0000-0000-0000-000000000004','90000000-0000-0000-0000-000000000002','결성 인가 준비','2026-05-01','2026-07-31',1),
  ('92000000-0000-0000-0000-000000000005','90000000-0000-0000-0000-000000000002','결성총회','2026-08-01','2026-09-30',2)
on conflict do nothing;

-- ---------------------------------------------------------------------
-- [MANAGEMENT] 전자결재 / 예산 / KPI / 자산
-- ---------------------------------------------------------------------
insert into public.approval_documents (id, title, form_type, drafter_id, amount, body, status, department_id) values
  ('a1000000-0000-0000-0000-000000000001','토스랩 후속투자 심의','투자심의','e0000000-0000-0000-0000-000000000003',500000000,'Series B 후속 5억','APPROVED','d0000000-0000-0000-0000-000000000002'),
  ('a1000000-0000-0000-0000-000000000002','2호 펀드 운용보수 집행','예산집행','e0000000-0000-0000-0000-000000000003',300000000,'2분기 운용보수','APPROVED','d0000000-0000-0000-0000-000000000002'),
  ('a1000000-0000-0000-0000-000000000003','데모데이 행사 비용','비용청구','e0000000-0000-0000-0000-000000000004',90000000,'장소/케이터링','IN_REVIEW','d0000000-0000-0000-0000-000000000003'),
  ('a1000000-0000-0000-0000-000000000004','AC 멘토 자문료 지급','비용청구','e0000000-0000-0000-0000-000000000004',1600000000,'분기 자문료 일괄','APPROVED','d0000000-0000-0000-0000-000000000003'),
  ('a1000000-0000-0000-0000-000000000005','신규 노트북 20대 구매','비용청구','e0000000-0000-0000-0000-000000000002',40000000,'개발팀 장비','PENDING','d0000000-0000-0000-0000-000000000001'),
  ('a1000000-0000-0000-0000-000000000006','로보틱스원 M&A 착수금','투자심의','e0000000-0000-0000-0000-000000000005',200000000,'실사 비용','REJECTED','d0000000-0000-0000-0000-000000000004')
on conflict do nothing;

insert into public.approval_lines (id, document_id, approver_id, step_order, decision, decided_at) values
  ('a2000000-0000-0000-0000-000000000001','a1000000-0000-0000-0000-000000000001','e0000000-0000-0000-0000-000000000008',1,'APPROVED','2026-06-20 10:00+09'),
  ('a2000000-0000-0000-0000-000000000002','a1000000-0000-0000-0000-000000000001','e0000000-0000-0000-0000-000000000001',2,'APPROVED','2026-06-21 09:00+09'),
  ('a2000000-0000-0000-0000-000000000003','a1000000-0000-0000-0000-000000000003','e0000000-0000-0000-0000-000000000002',1,'APPROVED','2026-07-02 11:00+09'),
  ('a2000000-0000-0000-0000-000000000004','a1000000-0000-0000-0000-000000000003','e0000000-0000-0000-0000-000000000001',2,'PENDING',null),
  ('a2000000-0000-0000-0000-000000000005','a1000000-0000-0000-0000-000000000005','e0000000-0000-0000-0000-000000000001',1,'PENDING',null),
  ('a2000000-0000-0000-0000-000000000006','a1000000-0000-0000-0000-000000000006','e0000000-0000-0000-0000-000000000001',1,'REJECTED','2026-06-15 16:00+09')
on conflict do nothing;

insert into public.dept_budgets (id, department_id, fiscal_year, budget_amount) values
  ('a4000000-0000-0000-0000-000000000001','d0000000-0000-0000-0000-000000000001',2026,800000000),
  ('a4000000-0000-0000-0000-000000000002','d0000000-0000-0000-0000-000000000002',2026,2000000000),
  ('a4000000-0000-0000-0000-000000000003','d0000000-0000-0000-0000-000000000003',2026,1500000000),
  ('a4000000-0000-0000-0000-000000000004','d0000000-0000-0000-0000-000000000004',2026,1000000000)
on conflict do nothing;

insert into public.kpi_records (id, workspace_key, metric_name, target_value, actual_value, period) values
  ('a5000000-0000-0000-0000-000000000001','fund','연간 신규 투자 집행액(억)',20000,14200,'2026-Q2'),
  ('a5000000-0000-0000-0000-000000000002','ac','액셀러레이팅 졸업 기업 수',15,9,'2026-Q2'),
  ('a5000000-0000-0000-0000-000000000003','mna','연간 딜 클로징 건수',5,2,'2026-Q2'),
  ('a5000000-0000-0000-0000-000000000004','networks','신규 등록 스타트업 수',100,64,'2026-Q2')
on conflict do nothing;

insert into public.assets (id, name, category, status, assigned_to, return_due, note) values
  ('a6000000-0000-0000-0000-000000000001','MacBook Pro 16 (2025)','노트북','ASSIGNED','e0000000-0000-0000-0000-000000000006','2027-01-31',null),
  ('a6000000-0000-0000-0000-000000000002','법인차량 EV6','차량','ASSIGNED','e0000000-0000-0000-0000-000000000003','2026-08-15','반납 예정 임박'),
  ('a6000000-0000-0000-0000-000000000003','Figma 엔터프라이즈 라이선스','라이선스','AVAILABLE',null,null,null),
  ('a6000000-0000-0000-0000-000000000004','회의실 빔프로젝터','비품','MAINTENANCE',null,null,'램프 교체 중'),
  ('a6000000-0000-0000-0000-000000000005','노트북 Dell (2021)','노트북','RETIRED',null,null,'감가상각 완료')
on conflict do nothing;

-- ---------------------------------------------------------------------
-- [ADMIN] 감사 로그 / 다운로드 사유 로그 (모니터 화면 검증용)
-- ---------------------------------------------------------------------
insert into public.audit_logs (id, actor_user_id, target_user_id, action, changed_workspace, before_permission, after_permission, reason, request_ip) values
  ('a7000000-0000-0000-0000-000000000001','e0000000-0000-0000-0000-000000000001','e0000000-0000-0000-0000-000000000006','PERMISSION_CHANGE','project','read','write','PM 승격','203.0.113.10'),
  ('a7000000-0000-0000-0000-000000000002','e0000000-0000-0000-0000-000000000001','e0000000-0000-0000-0000-000000000008','PERMISSION_CHANGE','fund','none','read','신규 심사역 온보딩','203.0.113.11')
on conflict do nothing;

insert into public.access_logs (id, user_id, resource_type, resource_id, reason, request_ip) values
  ('a8000000-0000-0000-0000-000000000001','e0000000-0000-0000-0000-000000000003','FUND_LP_LIST','fa000000-0000-0000-0000-000000000001','정기 보고 자료 작성','203.0.113.20'),
  ('a8000000-0000-0000-0000-000000000002','e0000000-0000-0000-0000-000000000005','MA_DEAL_DOC','da000000-0000-0000-0000-000000000001','실사 검토','203.0.113.21')
on conflict do nothing;
